student_id,date,status,course_code
2023CSE001,2026-09-01,PRESENT,CS301
2023CSE002,2026-09-01,ABSENT,CS302
2023CSE003,2026-09-01,PRESENT,CS303
2023CSE004,2026-09-01,PRESENT,CS304
2023CSE005,2026-09-01,PRESENT,CS305
2023CSE006,2026-09-01,PRESENT,CS301
2023CSE007,2026-09-01,PRESENT,CS302
2023CSE008,2026-09-01,PRESENT,CS303
2023CSE009,2026-09-01,PRESENT,CS304
2023CSE010,2026-09-01,PRESENT,CS305
2023CSE011,2026-09-01,PRESENT,CS301
2023CSE012,2026-09-01,PRESENT,CS302
2023CSE013,2026-09-01,PRESENT,CS303
2023CSE014,2026-09-01,ABSENT,CS304
2023CSE015,2026-09-01,PRESENT,CS305
2023CSE016,2026-09-01,PRESENT,CS301
2023CSE017,2026-09-01,PRESENT,CS302
2023CSE018,2026-09-01,ABSENT,CS303
2023CSE019,2026-09-01,PRESENT,CS304
2023CSE020,2026-09-01,PRESENT,CS305
2023CSE001,2026-09-02,PRESENT,CS302
2023CSE002,2026-09-02,PRESENT,CS303
2023CSE003,2026-09-02,PRESENT,CS304
2023CSE004,2026-09-02,PRESENT,CS305
2023CSE005,2026-09-02,PRESENT,CS301
2023CSE006,2026-09-02,PRESENT,CS302
2023CSE007,2026-09-02,PRESENT,CS303
2023CSE008,2026-09-02,PRESENT,CS304
2023CSE009,2026-09-02,PRESENT,CS305
2023CSE010,2026-09-02,PRESENT,CS301
2023CSE011,2026-09-02,ABSENT,CS302
2023CSE012,2026-09-02,ABSENT,CS303
2023CSE013,2026-09-02,PRESENT,CS304
2023CSE014,2026-09-02,ABSENT,CS305
2023CSE015,2026-09-02,PRESENT,CS301
2023CSE016,2026-09-02,PRESENT,CS302
2023CSE017,2026-09-02,PRESENT,CS303
2023CSE018,2026-09-02,PRESENT,CS304
2023CSE019,2026-09-02,ABSENT,CS305
2023CSE020,2026-09-02,ABSENT,CS301
2023CSE001,2026-09-03,PRESENT,CS303
2023CSE002,2026-09-03,PRESENT,CS304
2023CSE003,2026-09-03,PRESENT,CS305
2023CSE004,2026-09-03,PRESENT,CS301
2023CSE005,2026-09-03,PRESENT,CS302
2023CSE006,2026-09-03,PRESENT,CS303
2023CSE007,2026-09-03,PRESENT,CS304
2023CSE008,2026-09-03,PRESENT,CS305
2023CSE009,2026-09-03,PRESENT,CS301
2023CSE010,2026-09-03,PRESENT,CS302
2023CSE011,2026-09-03,PRESENT,CS303
2023CSE012,2026-09-03,PRESENT,CS304
2023CSE013,2026-09-03,PRESENT,CS305
2023CSE014,2026-09-03,ABSENT,CS301
2023CSE015,2026-09-03,PRESENT,CS302
2023CSE016,2026-09-03,ABSENT,CS303
2023CSE017,2026-09-03,ABSENT,CS304
2023CSE018,2026-09-03,PRESENT,CS305
2023CSE019,2026-09-03,PRESENT,CS301
2023CSE020,2026-09-03,PRESENT,CS302
2023CSE001,2026-09-04,ABSENT,CS304
2023CSE002,2026-09-04,PRESENT,CS305
2023CSE003,2026-09-04,PRESENT,CS301
2023CSE004,2026-09-04,PRESENT,CS302
2023CSE005,2026-09-04,PRESENT,CS303
2023CSE006,2026-09-04,PRESENT,CS304
2023CSE007,2026-09-04,PRESENT,CS305
2023CSE008,2026-09-04,PRESENT,CS301
2023CSE009,2026-09-04,ABSENT,CS302
2023CSE010,2026-09-04,PRESENT,CS303
2023CSE011,2026-09-04,PRESENT,CS304
2023CSE012,2026-09-04,PRESENT,CS305
2023CSE013,2026-09-04,PRESENT,CS301
2023CSE014,2026-09-04,PRESENT,CS302
2023CSE015,2026-09-04,ABSENT,CS303
2023CSE016,2026-09-04,PRESENT,CS304
2023CSE017,2026-09-04,ABSENT,CS305
2023CSE018,2026-09-04,ABSENT,CS301
2023CSE019,2026-09-04,PRESENT,CS302
2023CSE020,2026-09-04,ABSENT,CS303
2023CSE001,2026-09-07,ABSENT,CS302
2023CSE002,2026-09-07,PRESENT,CS303
2023CSE003,2026-09-07,PRESENT,CS304
2023CSE004,2026-09-07,PRESENT,CS305
2023CSE005,2026-09-07,PRESENT,CS301
2023CSE006,2026-09-07,PRESENT,CS302
2023CSE007,2026-09-07,PRESENT,CS303
2023CSE008,2026-09-07,PRESENT,CS304
2023CSE009,2026-09-07,PRESENT,CS305
2023CSE010,2026-09-07,PRESENT,CS301
2023CSE011,2026-09-07,PRESENT,CS302
2023CSE012,2026-09-07,PRESENT,CS303
2023CSE013,2026-09-07,ABSENT,CS304
2023CSE014,2026-09-07,ABSENT,CS305
2023CSE015,2026-09-07,ABSENT,CS301
2023CSE016,2026-09-07,ABSENT,CS302
2023CSE017,2026-09-07,PRESENT,CS303
2023CSE018,2026-09-07,PRESENT,CS304
2023CSE019,2026-09-07,PRESENT,CS305
2023CSE020,2026-09-07,PRESENT,CS301
2023CSE001,2026-09-08,ABSENT,CS303
2023CSE002,2026-09-08,PRESENT,CS304
2023CSE003,2026-09-08,PRESENT,CS305
2023CSE004,2026-09-08,PRESENT,CS301
2023CSE005,2026-09-08,PRESENT,CS302
2023CSE006,2026-09-08,ABSENT,CS303
2023CSE007,2026-09-08,PRESENT,CS304
2023CSE008,2026-09-08,PRESENT,CS305
2023CSE009,2026-09-08,PRESENT,CS301
2023CSE010,2026-09-08,PRESENT,CS302
2023CSE011,2026-09-08,PRESENT,CS303
2023CSE012,2026-09-08,PRESENT,CS304
2023CSE013,2026-09-08,PRESENT,CS305
2023CSE014,2026-09-08,PRESENT,CS301
2023CSE015,2026-09-08,PRESENT,CS302
2023CSE016,2026-09-08,PRESENT,CS303
2023CSE017,2026-09-08,PRESENT,CS304
2023CSE018,2026-09-08,PRESENT,CS305
2023CSE019,2026-09-08,ABSENT,CS301
2023CSE020,2026-09-08,ABSENT,CS302
2023CSE001,2026-09-09,ABSENT,CS304
2023CSE002,2026-09-09,PRESENT,CS305
2023CSE003,2026-09-09,PRESENT,CS301
2023CSE004,2026-09-09,PRESENT,CS302
2023CSE005,2026-09-09,PRESENT,CS303
2023CSE006,2026-09-09,PRESENT,CS304
2023CSE007,2026-09-09,PRESENT,CS305
2023CSE008,2026-09-09,PRESENT,CS301
2023CSE009,2026-09-09,PRESENT,CS302
2023CSE010,2026-09-09,PRESENT,CS303
2023CSE011,2026-09-09,PRESENT,CS304
2023CSE012,2026-09-09,PRESENT,CS305
2023CSE013,2026-09-09,PRESENT,CS301
2023CSE014,2026-09-09,ABSENT,CS302
2023CSE015,2026-09-09,PRESENT,CS303
2023CSE016,2026-09-09,PRESENT,CS304
2023CSE017,2026-09-09,PRESENT,CS305
2023CSE018,2026-09-09,PRESENT,CS301
2023CSE019,2026-09-09,PRESENT,CS302
2023CSE020,2026-09-09,ABSENT,CS303
2023CSE001,2026-09-10,PRESENT,CS305
2023CSE002,2026-09-10,ABSENT,CS301
2023CSE003,2026-09-10,ABSENT,CS302
2023CSE004,2026-09-10,PRESENT,CS303
2023CSE005,2026-09-10,PRESENT,CS304
2023CSE006,2026-09-10,PRESENT,CS305
2023CSE007,2026-09-10,ABSENT,CS301
2023CSE008,2026-09-10,PRESENT,CS302
2023CSE009,2026-09-10,PRESENT,CS303
2023CSE010,2026-09-10,PRESENT,CS304
2023CSE011,2026-09-10,PRESENT,CS305
2023CSE012,2026-09-10,PRESENT,CS301
2023CSE013,2026-09-10,PRESENT,CS302
2023CSE014,2026-09-10,ABSENT,CS303
2023CSE015,2026-09-10,PRESENT,CS304
2023CSE016,2026-09-10,PRESENT,CS305
2023CSE017,2026-09-10,PRESENT,CS301
2023CSE018,2026-09-10,PRESENT,CS302
2023CSE019,2026-09-10,PRESENT,CS303
2023CSE020,2026-09-10,PRESENT,CS304
2023CSE001,2026-09-11,PRESENT,CS301
2023CSE002,2026-09-11,PRESENT,CS302
2023CSE003,2026-09-11,PRESENT,CS303
2023CSE004,2026-09-11,PRESENT,CS304
2023CSE005,2026-09-11,ABSENT,CS305
2023CSE006,2026-09-11,PRESENT,CS301
2023CSE007,2026-09-11,PRESENT,CS302
2023CSE008,2026-09-11,PRESENT,CS303
2023CSE009,2026-09-11,PRESENT,CS304
2023CSE010,2026-09-11,PRESENT,CS305
2023CSE011,2026-09-11,PRESENT,CS301
2023CSE012,2026-09-11,PRESENT,CS302
2023CSE013,2026-09-11,PRESENT,CS303
2023CSE014,2026-09-11,PRESENT,CS304
2023CSE015,2026-09-11,PRESENT,CS305
2023CSE016,2026-09-11,ABSENT,CS301
2023CSE017,2026-09-11,PRESENT,CS302
2023CSE018,2026-09-11,PRESENT,CS303
2023CSE019,2026-09-11,ABSENT,CS304
2023CSE020,2026-09-11,ABSENT,CS305
2023CSE001,2026-09-14,PRESENT,CS304
2023CSE002,2026-09-14,PRESENT,CS305
2023CSE003,2026-09-14,PRESENT,CS301
2023CSE004,2026-09-14,PRESENT,CS302
2023CSE005,2026-09-14,PRESENT,CS303
2023CSE006,2026-09-14,PRESENT,CS304
2023CSE007,2026-09-14,PRESENT,CS305
2023CSE008,2026-09-14,PRESENT,CS301
2023CSE009,2026-09-14,PRESENT,CS302
2023CSE010,2026-09-14,PRESENT,CS303
2023CSE011,2026-09-14,PRESENT,CS304
2023CSE012,2026-09-14,PRESENT,CS305
2023CSE013,2026-09-14,PRESENT,CS301
2023CSE014,2026-09-14,ABSENT,CS302
2023CSE015,2026-09-14,ABSENT,CS303
2023CSE016,2026-09-14,ABSENT,CS304
2023CSE017,2026-09-14,PRESENT,CS305
2023CSE018,2026-09-14,PRESENT,CS301
2023CSE019,2026-09-14,ABSENT,CS302
2023CSE020,2026-09-14,PRESENT,CS303
2023CSE001,2026-09-15,PRESENT,CS305
2023CSE002,2026-09-15,PRESENT,CS301
2023CSE003,2026-09-15,PRESENT,CS302
2023CSE004,2026-09-15,ABSENT,CS303
2023CSE005,2026-09-15,PRESENT,CS304
2023CSE006,2026-09-15,PRESENT,CS305
2023CSE007,2026-09-15,PRESENT,CS301
2023CSE008,2026-09-15,PRESENT,CS302
2023CSE009,2026-09-15,PRESENT,CS303
2023CSE010,2026-09-15,PRESENT,CS304
2023CSE011,2026-09-15,ABSENT,CS305
2023CSE012,2026-09-15,PRESENT,CS301
2023CSE013,2026-09-15,PRESENT,CS302
2023CSE014,2026-09-15,ABSENT,CS303
2023CSE015,2026-09-15,PRESENT,CS304
2023CSE016,2026-09-15,ABSENT,CS305
2023CSE017,2026-09-15,ABSENT,CS301
2023CSE018,2026-09-15,PRESENT,CS302
2023CSE019,2026-09-15,PRESENT,CS303
2023CSE020,2026-09-15,PRESENT,CS304
2023CSE001,2026-09-16,PRESENT,CS301
2023CSE002,2026-09-16,PRESENT,CS302
2023CSE003,2026-09-16,PRESENT,CS303
2023CSE004,2026-09-16,PRESENT,CS304
2023CSE005,2026-09-16,PRESENT,CS305
2023CSE006,2026-09-16,PRESENT,CS301
2023CSE007,2026-09-16,PRESENT,CS302
2023CSE008,2026-09-16,PRESENT,CS303
2023CSE009,2026-09-16,PRESENT,CS304
2023CSE010,2026-09-16,PRESENT,CS305
2023CSE011,2026-09-16,PRESENT,CS301
2023CSE012,2026-09-16,PRESENT,CS302
2023CSE013,2026-09-16,PRESENT,CS303
2023CSE014,2026-09-16,PRESENT,CS304
2023CSE015,2026-09-16,PRESENT,CS305
2023CSE016,2026-09-16,ABSENT,CS301
2023CSE017,2026-09-16,PRESENT,CS302
2023CSE018,2026-09-16,PRESENT,CS303
2023CSE019,2026-09-16,ABSENT,CS304
2023CSE020,2026-09-16,ABSENT,CS305
2023CSE001,2026-09-17,PRESENT,CS302
2023CSE002,2026-09-17,PRESENT,CS303
2023CSE003,2026-09-17,PRESENT,CS304
2023CSE004,2026-09-17,PRESENT,CS305
2023CSE005,2026-09-17,PRESENT,CS301
2023CSE006,2026-09-17,PRESENT,CS302
2023CSE007,2026-09-17,PRESENT,CS303
2023CSE008,2026-09-17,PRESENT,CS304
2023CSE009,2026-09-17,PRESENT,CS305
2023CSE010,2026-09-17,PRESENT,CS301
2023CSE011,2026-09-17,PRESENT,CS302
2023CSE012,2026-09-17,PRESENT,CS303
2023CSE013,2026-09-17,ABSENT,CS304
2023CSE014,2026-09-17,PRESENT,CS305
2023CSE015,2026-09-17,PRESENT,CS301
2023CSE016,2026-09-17,PRESENT,CS302
2023CSE017,2026-09-17,PRESENT,CS303
2023CSE018,2026-09-17,PRESENT,CS304
2023CSE019,2026-09-17,PRESENT,CS305
2023CSE020,2026-09-17,ABSENT,CS301
2023CSE001,2026-09-18,PRESENT,CS303
2023CSE002,2026-09-18,PRESENT,CS304
2023CSE003,2026-09-18,PRESENT,CS305
2023CSE004,2026-09-18,PRESENT,CS301
2023CSE005,2026-09-18,PRESENT,CS302
2023CSE006,2026-09-18,PRESENT,CS303
2023CSE007,2026-09-18,PRESENT,CS304
2023CSE008,2026-09-18,PRESENT,CS305
2023CSE009,2026-09-18,PRESENT,CS301
2023CSE010,2026-09-18,PRESENT,CS302
2023CSE011,2026-09-18,PRESENT,CS303
2023CSE012,2026-09-18,PRESENT,CS304
2023CSE013,2026-09-18,PRESENT,CS305
2023CSE014,2026-09-18,PRESENT,CS301
2023CSE015,2026-09-18,PRESENT,CS302
2023CSE016,2026-09-18,ABSENT,CS303
2023CSE017,2026-09-18,PRESENT,CS304
2023CSE018,2026-09-18,PRESENT,CS305
2023CSE019,2026-09-18,ABSENT,CS301
2023CSE020,2026-09-18,ABSENT,CS302
2023CSE001,2026-09-21,PRESENT,CS301
2023CSE002,2026-09-21,PRESENT,CS302
2023CSE003,2026-09-21,PRESENT,CS303
2023CSE004,2026-09-21,PRESENT,CS304
2023CSE005,2026-09-21,PRESENT,CS305
2023CSE006,2026-09-21,PRESENT,CS301
2023CSE007,2026-09-21,PRESENT,CS302
2023CSE008,2026-09-21,PRESENT,CS303
2023CSE009,2026-09-21,PRESENT,CS304
2023CSE010,2026-09-21,PRESENT,CS305
2023CSE011,2026-09-21,PRESENT,CS301
2023CSE012,2026-09-21,PRESENT,CS302
2023CSE013,2026-09-21,PRESENT,CS303
2023CSE014,2026-09-21,PRESENT,CS304
2023CSE015,2026-09-21,ABSENT,CS305
2023CSE016,2026-09-21,PRESENT,CS301
2023CSE017,2026-09-21,ABSENT,CS302
2023CSE018,2026-09-21,ABSENT,CS303
2023CSE019,2026-09-21,ABSENT,CS304
2023CSE020,2026-09-21,ABSENT,CS305
2023CSE001,2026-09-22,PRESENT,CS302
2023CSE002,2026-09-22,PRESENT,CS303
2023CSE003,2026-09-22,PRESENT,CS304
2023CSE004,2026-09-22,PRESENT,CS305
2023CSE005,2026-09-22,PRESENT,CS301
2023CSE006,2026-09-22,PRESENT,CS302
2023CSE007,2026-09-22,PRESENT,CS303
2023CSE008,2026-09-22,PRESENT,CS304
2023CSE009,2026-09-22,PRESENT,CS305
2023CSE010,2026-09-22,PRESENT,CS301
2023CSE011,2026-09-22,PRESENT,CS302
2023CSE012,2026-09-22,PRESENT,CS303
2023CSE013,2026-09-22,PRESENT,CS304
2023CSE014,2026-09-22,PRESENT,CS305
2023CSE015,2026-09-22,ABSENT,CS301
2023CSE016,2026-09-22,PRESENT,CS302
2023CSE017,2026-09-22,PRESENT,CS303
2023CSE018,2026-09-22,PRESENT,CS304
2023CSE019,2026-09-22,ABSENT,CS305
2023CSE020,2026-09-22,PRESENT,CS301
2023CSE001,2026-09-23,PRESENT,CS303
2023CSE002,2026-09-23,PRESENT,CS304
2023CSE003,2026-09-23,PRESENT,CS305
2023CSE004,2026-09-23,PRESENT,CS301
2023CSE005,2026-09-23,PRESENT,CS302
2023CSE006,2026-09-23,PRESENT,CS303
2023CSE007,2026-09-23,PRESENT,CS304
2023CSE008,2026-09-23,PRESENT,CS305
2023CSE009,2026-09-23,PRESENT,CS301
2023CSE010,2026-09-23,ABSENT,CS302
2023CSE011,2026-09-23,PRESENT,CS303
2023CSE012,2026-09-23,PRESENT,CS304
2023CSE013,2026-09-23,PRESENT,CS305
2023CSE014,2026-09-23,PRESENT,CS301
2023CSE015,2026-09-23,ABSENT,CS302
2023CSE016,2026-09-23,PRESENT,CS303
2023CSE017,2026-09-23,ABSENT,CS304
2023CSE018,2026-09-23,ABSENT,CS305
2023CSE019,2026-09-23,PRESENT,CS301
2023CSE020,2026-09-23,ABSENT,CS302
2023CSE001,2026-09-24,PRESENT,CS304
2023CSE002,2026-09-24,PRESENT,CS305
2023CSE003,2026-09-24,PRESENT,CS301
2023CSE004,2026-09-24,PRESENT,CS302
2023CSE005,2026-09-24,PRESENT,CS303
2023CSE006,2026-09-24,PRESENT,CS304
2023CSE007,2026-09-24,PRESENT,CS305
2023CSE008,2026-09-24,PRESENT,CS301
2023CSE009,2026-09-24,PRESENT,CS302
2023CSE010,2026-09-24,PRESENT,CS303
2023CSE011,2026-09-24,ABSENT,CS304
2023CSE012,2026-09-24,ABSENT,CS305
2023CSE013,2026-09-24,PRESENT,CS301
2023CSE014,2026-09-24,PRESENT,CS302
2023CSE015,2026-09-24,PRESENT,CS303
2023CSE016,2026-09-24,PRESENT,CS304
2023CSE017,2026-09-24,PRESENT,CS305
2023CSE018,2026-09-24,PRESENT,CS301
2023CSE019,2026-09-24,ABSENT,CS302
2023CSE020,2026-09-24,PRESENT,CS303
2023CSE001,2026-09-25,PRESENT,CS305
2023CSE002,2026-09-25,PRESENT,CS301
2023CSE003,2026-09-25,PRESENT,CS302
2023CSE004,2026-09-25,ABSENT,CS303
2023CSE005,2026-09-25,PRESENT,CS304
2023CSE006,2026-09-25,PRESENT,CS305
2023CSE007,2026-09-25,PRESENT,CS301
2023CSE008,2026-09-25,PRESENT,CS302
2023CSE009,2026-09-25,PRESENT,CS303
2023CSE010,2026-09-25,PRESENT,CS304
2023CSE011,2026-09-25,PRESENT,CS305
2023CSE012,2026-09-25,PRESENT,CS301
2023CSE013,2026-09-25,PRESENT,CS302
2023CSE014,2026-09-25,ABSENT,CS303
2023CSE015,2026-09-25,PRESENT,CS304
2023CSE016,2026-09-25,PRESENT,CS305
2023CSE017,2026-09-25,PRESENT,CS301
2023CSE018,2026-09-25,PRESENT,CS302
2023CSE019,2026-09-25,PRESENT,CS303
2023CSE020,2026-09-25,PRESENT,CS304
2023CSE001,2026-09-28,PRESENT,CS303
2023CSE002,2026-09-28,PRESENT,CS304
2023CSE003,2026-09-28,PRESENT,CS305
2023CSE004,2026-09-28,PRESENT,CS301
2023CSE005,2026-09-28,PRESENT,CS302
2023CSE006,2026-09-28,ABSENT,CS303
2023CSE007,2026-09-28,PRESENT,CS304
2023CSE008,2026-09-28,ABSENT,CS305
2023CSE009,2026-09-28,PRESENT,CS301
2023CSE010,2026-09-28,PRESENT,CS302
2023CSE011,2026-09-28,PRESENT,CS303
2023CSE012,2026-09-28,PRESENT,CS304
2023CSE013,2026-09-28,PRESENT,CS305
2023CSE014,2026-09-28,ABSENT,CS301
2023CSE015,2026-09-28,PRESENT,CS302
2023CSE016,2026-09-28,PRESENT,CS303
2023CSE017,2026-09-28,ABSENT,CS304
2023CSE018,2026-09-28,ABSENT,CS305
2023CSE019,2026-09-28,PRESENT,CS301
2023CSE020,2026-09-28,PRESENT,CS302
2023CSE001,2026-09-29,PRESENT,CS304
2023CSE002,2026-09-29,PRESENT,CS305
2023CSE003,2026-09-29,PRESENT,CS301
2023CSE004,2026-09-29,PRESENT,CS302
2023CSE005,2026-09-29,PRESENT,CS303
2023CSE006,2026-09-29,PRESENT,CS304
2023CSE007,2026-09-29,PRESENT,CS305
2023CSE008,2026-09-29,PRESENT,CS301
2023CSE009,2026-09-29,PRESENT,CS302
2023CSE010,2026-09-29,PRESENT,CS303
2023CSE011,2026-09-29,ABSENT,CS304
2023CSE012,2026-09-29,ABSENT,CS305
2023CSE013,2026-09-29,PRESENT,CS301
2023CSE014,2026-09-29,PRESENT,CS302
2023CSE015,2026-09-29,ABSENT,CS303
2023CSE016,2026-09-29,PRESENT,CS304
2023CSE017,2026-09-29,PRESENT,CS305
2023CSE018,2026-09-29,PRESENT,CS301
2023CSE019,2026-09-29,ABSENT,CS302
2023CSE020,2026-09-29,PRESENT,CS303
2023CSE001,2026-09-30,PRESENT,CS305
2023CSE002,2026-09-30,PRESENT,CS301
2023CSE003,2026-09-30,PRESENT,CS302
2023CSE004,2026-09-30,PRESENT,CS303
2023CSE005,2026-09-30,PRESENT,CS304
2023CSE006,2026-09-30,ABSENT,CS305
2023CSE007,2026-09-30,PRESENT,CS301
2023CSE008,2026-09-30,PRESENT,CS302
2023CSE009,2026-09-30,PRESENT,CS303
2023CSE010,2026-09-30,PRESENT,CS304
2023CSE011,2026-09-30,ABSENT,CS305
2023CSE012,2026-09-30,PRESENT,CS301
2023CSE013,2026-09-30,PRESENT,CS302
2023CSE014,2026-09-30,PRESENT,CS303
2023CSE015,2026-09-30,ABSENT,CS304
2023CSE016,2026-09-30,ABSENT,CS305
2023CSE017,2026-09-30,PRESENT,CS301
2023CSE018,2026-09-30,PRESENT,CS302
2023CSE019,2026-09-30,PRESENT,CS303
2023CSE020,2026-09-30,PRESENT,CS304